username,follows_count,profile_picture_url,ig_id,followers_count,media_count
seer__eul,548,https://scontent.fmaa10-1.fna.fbcdn.net/v/t51.2885-15/324617748_1132560650776359_4547385788628947281_n.jpg?_nc_cat=109&ccb=1-7&_nc_sid=86c713&_nc_ohc=v--KjsXj1kkAX_EX7p-&_nc_ht=scontent.fmaa10-1.fna&edm=AL-3X8kEAAAA&oh=00_AfDvUdLssEj2lSD2CrCw87rGwUMRO_5c-KpqPkjxdaXVZQ&oe=64D76AF1,51088674546,107419,534
w_woo.n,1109,https://scontent.fmaa10-1.fna.fbcdn.net/v/t51.2885-15/361389841_1021003222254308_8845062737440778339_n.jpg?_nc_cat=111&ccb=1-7&_nc_sid=86c713&_nc_ohc=Fi8cVcg4CSkAX-Mlu6F&_nc_ht=scontent.fmaa10-1.fna&edm=AL-3X8kEAAAA&oh=00_AfAVWA49NRGB4IHVaKXlDiubCe52BDqG_DAh9fDLI3i6bg&oe=64D63BD5,44676711420,74842,516
hoonxxy,3197,https://scontent.fmaa10-1.fna.fbcdn.net/v/t51.2885-15/278457342_2181167812041213_601480451298802565_n.jpg?_nc_cat=111&ccb=1-7&_nc_sid=86c713&_nc_ohc=XpFq3fn9pBYAX-Fq9f2&_nc_ht=scontent.fmaa10-1.fna&edm=AL-3X8kEAAAA&oh=00_AfCRl-t-uD15R-lMLgiXskXvVRSK4wtL31WHpWUakZ970g&oe=64D5EF54,50303981577,12738,458
kkang.stylist,905,https://scontent.fmaa10-1.fna.fbcdn.net/v/t51.2885-15/290808395_768632367477855_71315931774773574_n.jpg?_nc_cat=109&ccb=1-7&_nc_sid=86c713&_nc_ohc=CdG8seSeriwAX9Ivdc6&_nc_ht=scontent.fmaa10-1.fna&edm=AL-3X8kEAAAA&oh=00_AfBZutx1r8ss5KH0mbjxsrQ3F3ihGTharGq4r2ddritdEg&oe=64D6DF57,5795688769,104142,809
babyjongok,164,https://scontent.fmaa10-1.fna.fbcdn.net/v/t51.2885-15/360016618_832811738179722_5767359164767853546_n.jpg?_nc_cat=106&ccb=1-7&_nc_sid=86c713&_nc_ohc=89buM5dDV2oAX9i1axK&_nc_ht=scontent.fmaa10-1.fna&edm=AL-3X8kEAAAA&oh=00_AfDKl2eMVgcAGUz2FzhXetXu9UAzV9zjkl-1W5J9mBd5Nw&oe=64D76075,6883684033,43628,189
soominnnnn,1012,https://scontent.fmaa10-1.fna.fbcdn.net/v/t51.2885-15/339500512_762534748729477_2257901087926850102_n.jpg?_nc_cat=101&ccb=1-7&_nc_sid=86c713&_nc_ohc=C4enuSNhhZgAX-ZsjC0&_nc_ht=scontent.fmaa10-1.fna&edm=AL-3X8kEAAAA&oh=00_AfAiDzfxm77mGxFuYLsXjGW0malgnZFEjLxnu0fdgkE7xg&oe=64D709FB,1130537221,139714,653
jun_seonng,448,https://scontent.fmaa10-1.fna.fbcdn.net/v/t51.2885-15/362085792_1004738910660705_7892263659377812342_n.jpg?_nc_cat=111&ccb=1-7&_nc_sid=86c713&_nc_ohc=94h3SEnB3ScAX8dgnDa&_nc_ht=scontent.fmaa10-1.fna&edm=AL-3X8kEAAAA&oh=00_AfDCYVlLbzs81Odfsl9SK4t2n1KSry4DfDSyoCLfFywUFA&oe=64D6C711,7174434865,119328,261
zzjun.k,5362,https://scontent.fmaa10-1.fna.fbcdn.net/v/t51.2885-15/351394508_1427267054741423_3251689608674539133_n.jpg?_nc_cat=110&ccb=1-7&_nc_sid=86c713&_nc_ohc=7V4wrNfR0s8AX84XamP&_nc_ht=scontent.fmaa10-1.fna&edm=AL-3X8kEAAAA&oh=00_AfBs2zO1o1sIMQlR2wEPQ4_c6PhG0TPqL2vUSne2KY-7kQ&oe=64D6DAEC,9221346162,15524,405
h.yun_b,374,https://scontent.fmaa10-1.fna.fbcdn.net/v/t51.2885-15/361054919_947022099703294_3729302976472171142_n.jpg?_nc_cat=108&ccb=1-7&_nc_sid=86c713&_nc_ohc=MMt359HAyU4AX-kQFzg&_nc_ht=scontent.fmaa10-1.fna&edm=AL-3X8kEAAAA&oh=00_AfBKOZsa4n-ufT0Ku6bO4XNF3jy4-Xc1RbgUpRw-bpeQhg&oe=64D69BEA,27485327977,100080,487
jiseong,704,,5708014585,75466,144
